{
  "formatVersion": 1,
  "database": {
    "version": 2,
    "identityHash": "68194fcc406c5f122b5c23d35cab850f",
    "entities": [
      {
        "tableName": "Crime",
        "createSql": "CREATE TABLE IF NOT EXISTS `${TABLE_NAME}` (`id` TEXT NOT NULL, `title` TEXT NOT NULL, `date` INTEGER NOT NULL, `isSolved` INTEGER NOT NULL, `suspect` TEXT NOT NULL, PRIMARY KEY(`id`))",
        "fields": [
          {
            "fieldPath": "id",
            "columnName": "id",
            "affinity": "TEXT",
            "notNull": true
          },
          {
            "fieldPath": "title",
            "columnName": "title",
            "affinity": "TEXT",
            "notNull": true
          },
          {
            "fieldPath": "date",
            "columnName": "date",
            "affinity": "INTEGER",
            "notNull": true
          },
          {
            "fieldPath": "isSolved",
            "columnName": "isSolved",
            "affinity": "INTEGER",
            "notNull": true
          },
          {
            "fieldPath": "suspect",
            "columnName": "suspect",
            "affinity": "TEXT",
            "notNull": true
          }
        ],
        "primaryKey": {
          "columnNames": [
            "id"
          ],
          "autoGenerate": false
        },
        "indices": [],
        "foreignKeys": []
      }
    ],
    "views": [],
    "setupQueries": [
      "CREATE TABLE IF NOT EXISTS room_master_table (id INTEGER PRIMARY KEY,identity_hash TEXT)",
      "INSERT OR REPLACE INTO room_master_table (id,identity_hash) VALUES(42, \"68194fcc406c5f122b5c23d35cab850f\")"
    ]
  }
}